"Brand,Processor,RAM,SSD,Display,Price,Rating,Discount,Processor_Brand,RAM_GB,Price_Clean"
"MOTOROLA Motobook 60 Pro Full Metal AI PC 2.8K OLED Intel Core Ultra 5 225H - (16 GB/512 GB SSD/Window...,Intel Core Ultra 5 Processor,16 GB DDR5 RAM,512,35.56 cm (14 inch) Display,""₹78,990"",4.4,24% off,Intel,16.0,78990.0"
"Samsung Galaxy Book4 Metal Intel Core i5 13th Gen 1335U - (8 GB/512 GB SSD/Windows 11 Home) NP750XGJ-K...,Intel Core i5 Processor (13th Gen),8 GB LPDDR4X RAM,512,39.62 cm (15.6 Inch) Display,""₹55,311"",4.4,29% off,Intel,8.0,55311.0"
"Lenovo Chromebook 11IJL9 Intel Celeron Dual Core N4500 - (4 GB/64 GB EMMC Storage/Chrome OS) Chromeboo...,Intel Celeron Dual Core Processor,4 GB LPDDR4X RAM,,29.46 cm (11.6 Inch) Display,""₹13,990"",4.0,55% off,Intel,4.0,13990.0"
"ASUS Vivobook 15 (2025) with Office 2024 + M365 Basic* Intel Core i3 13th Gen - (8 GB/512 GB SSD/Windo...,Intel Core i3 Processor (13th Gen),8 GB DDR5 RAM,512,39.62 cm (15.6 Inch) Display,""₹42,990"",4.3,15% off,Intel,8.0,42990.0"
"ASUS TUF Gaming A15 (2026) AMD Ryzen 7 170 - (16 GB/512 GB SSD/Windows 11 Home/4 GB Graphics/NVIDIA Ge...,AMD Ryzen 7 Processor,16 GB DDR5 RAM,512,39.62 cm (15.6 inch) Display,""₹70,990"",4.6,16% off,AMD,16.0,70990.0"
"ASUS Vivobook S14 OLED (2026) AI PC with Office 2024 + M365 Basic*, Copilot+ PC Intel Core Ultra 7 Ser...,Intel Core Ultra 7 Processor (Series 3),16 GB DDR5 RAM,1,35.56 cm (14 inch) Display,""₹1,49,990"",4.3,28% off,Intel,16.0,149990.0"
"HP 14 AI PC Intel Core Ultra 7 155H - (24 GB/1 TB SSD/Windows 11 Home) 14-ep1181TU Thin and Light Lapt...,Intel Core Ultra 7 Processor,24 GB DDR5 RAM,1,35.56 cm (14 Inch) Display,""₹87,990"",4.1,36% off,Intel,24.0,87990.0"
"ASUS ROG Zephyrus G16 OLED (2026) Intel Core Ultra 9 386H - (32 GB/2 TB SSD/Windows 11 Home/12 GB Grap...,Intel Core Ultra 9 Processor,32 GB LPDDR5X RAM,2,40.64 cm (16 inch) Display,""₹4,89,990"",,17% off,Intel,32.0,489990.0"
"Acer Aspire 15 AMD Office 2024 + M365 Basic AMD Ryzen 5 Hexa Core 7430U - (16 GB/512 GB SSD/Windows 11...,AMD Ryzen 5 Hexa Core Processor,16 GB DDR4 RAM,512,39.62 cm (15.6 Inch) Display,""₹48,990"",4.2,43% off,AMD,16.0,48990.0"
"ASUS ExpertBook P1 (i3 14th Gen) with 1 Yr ADP Intel Core 3 14th Gen 100U - (8 GB/512 GB SSD/Windows 1...,Intel Core 3 Processor (14th Gen),8 GB DDR5 RAM,512,35.56 cm (14 Inch) Display,""₹49,990"",4.3,28% off,Intel,8.0,49990.0"
"Lenovo IdeaPad Slim 3 Next Gen AI PC WUXGA IPS Copilot + PC with 1Yr ADP Snapdragon X - (16 GB/512 GB ...,Snapdragon X Processor,16 GB LPDDR5X RAM,512,38.86 cm (15.3 Inch) Display,""₹57,990"",4.4,34% off,,16.0,57990.0"
"Lenovo Legion 5 2025 AMD Ryzen 7 Octa Core 260 - (16 GB/1 TB SSD/Windows 11 Home/8 GB Graphics/NVIDIA ...,AMD Ryzen 7 Octa Core Processor,16 GB DDR5 RAM,1,38.86 cm (15.3 Inch) Display,""₹1,85,490"",4.6,10% off,AMD,16.0,185490.0"
"Acer Aspire 3 AMD Ryzen 3 Quad Core 7330U - (8 GB/256 GB SSD/Windows 11 Home) AS15-42 Thin and Light L...,AMD Ryzen 3 Quad Core Processor,8 GB DDR4 RAM,256,39.62 cm (15.6 inch) Display,""₹37,990"",4.1,47% off,AMD,8.0,37990.0"
"Primebook 2 Pro (2025) in-Built AI MediaTek Helio G99 (MT8781) - (8 GB/128 GB/Android 15) PBG9914128#4...,MediaTek Helio G99 (MT8781) Processor,8 GB LPDDR4X RAM,,35.81 cm (14.1 Inch) Display,""₹24,990"",4.4,37% off,,8.0,24990.0"
"HP Victus(i5 14th Gen) Intel Core 5 210H - (24 GB/512 GB SSD/Windows 11 Home/4 GB Graphics/NVIDIA GeFo...,Intel Core 5 Processor,24 GB DDR5 RAM,512,39.62 cm (15.6 inch) Display,""₹81,990"",4.6,44% off,Intel,24.0,81990.0"
"ASUS Expertbook P1 with 1 Yr ADP(i3 14th Gen) Intel Core 3 13th Gen 1315U - (16 GB/512 GB SSD/Windows ...,Intel Core 3 Processor (13th Gen),16 GB DDR5 RAM,512,35.56 cm (14 Inch) Display,""₹52,990"",4.3,29% off,Intel,16.0,52990.0"
"ASUS ExpertBook P1 (i3 14th Gen) with 1 Yr ADP Intel Core 3 14th Gen 100U - (8 GB/512 GB SSD/Windows 1...,Intel Core 3 Processor (14th Gen),8 GB DDR5 RAM,512,39.62 cm (15.6 Inch) Display,""₹49,990"",4.3,28% off,Intel,8.0,49990.0"
"DELL 15 (Previously Inspiron) (2025) Microsoft Office Home 2024 AMD Ryzen 5 Hexa Core 7530U - (16 GB/5...,AMD Ryzen 5 Hexa Core Processor,16 GB DDR4 RAM,512,39.62 cm (15.6 Inch) Display,""₹54,990"",4.3,21% off,AMD,16.0,54990.0"
"ASUS Expertbook P1 with 1 Yr ADP(i3 14th Gen) Intel Core 3 13th Gen 1315U - (8 GB/512 GB SSD/Windows 1...,Intel Core 3 Processor (13th Gen),8 GB DDR5 RAM,512,39.62 cm (15.6 Inch) Display,""₹48,990"",4.3,30% off,Intel,8.0,48990.0"
"MOTOROLA Motobook 60 Pro Full Metal AI PC WUXGA OLED Intel Core Ultra 5 225H - (16 GB/512 GB SSD/Windo...,Intel Core Ultra 5 Processor,16 GB DDR5 RAM,512,35.56 cm (14 inch) Display,""₹73,990"",,48% off,Intel,16.0,73990.0"
"Lenovo Legion Pro 5 WQXGA OLED Intel Core Ultra 9 275HX - (32 GB/1 TB SSD/Windows 11 Home/8 GB Graphic...,Intel Core Ultra 9 Processor,32 GB DDR5 RAM,1,40.64 cm (16 inch) Display,""₹2,29,990"",5.0,21% off,Intel,32.0,229990.0"
"Acer Aspire 14 Office 2024 + M365 Basic (i5 14th Gen) Intel Core 5 210 H - (16 GB/512 GB SSD/Windows 1...,Intel Core 5 Processor,16 GB LPDDR5 RAM,512,35.56 cm (14 Inch) Display,""₹54,990"",4.4,29% off,Intel,16.0,54990.0"
"ASUS Vivobook S16 OLED (2025) with Backlit Keyboard, Metal Body*, Snapdragon X - (16 GB/512 GB SSD/Win...,Snapdragon X Processor,16 GB LPDDR5X RAM,512,40.64 cm (16 Inch) Display,""₹69,990"",4.5,32% off,,16.0,69990.0"
"HP Chromebook (TouchScreen) MediaTek Kompanio 540 - (4 GB/128 GB SSD/Chrome OS) Chromebook 14a-nm0006M...,MediaTek MediaTek Kompanio 540 Processor,4 GB LPDDR5 RAM,128,35.56 cm (14 inch) Touchscreen Display,""₹29,990"",,52% off,,4.0,29990.0"
"HP Chromebook MediaTek Kompanio 540 - (4 GB/128 GB SSD/Chrome OS) Chromebook 14a-nm0004MU Chromebook,MediaTek MediaTek Kompanio 540 Processor,4 GB LPDDR5 RAM,128,35.56 cm (14 inch) Display,""₹26,990"",,54% off,,4.0,26990.0"
"ASUS Expertbook AMD Ryzen 5 Hexa Core 150 - (16 GB/512 GB SSD/Windows 11 Home) PM1403CDA-S60409WS Lapt...,AMD Ryzen 5 Hexa Core Processor,16 GB DDR5 RAM,512,35.56 cm (14 inch) Display,""₹59,990"",4.7,64% off,AMD,16.0,59990.0"
"Samsung Galaxy Book6 Pro Intel Core Ultra 5 Series 3 325 - (16 GB/512 GB SSD/Windows 11 Home) NP960XJG...,Intel Core Ultra 5 Processor (Series 3),16 GB LPDDR5X RAM,512,40.64 cm (16 inch) Touchscreen Display,""₹1,77,990"",,21% off,Intel,16.0,177990.0"
"Samsung Galaxy Book6 Pro Intel Core Ultra X7 Series 3 358H - (32 GB/1 TB SSD/Windows 11 Home) NP940XJG...,Intel Core Ultra X7 Processor (Series 3),32 GB LPDDR5X RAM,1,35.56 cm (14 inch) Touchscreen Display,""₹2,09,990"",5.0,27% off,Intel,32.0,209990.0"
"Samsung Galaxy Book6 Pro Intel Core Ultra 7 Series 3 356H - (32 GB/1 TB SSD/Windows 11 Home) NP960XJG ...,Intel Core Ultra 7 Processor (Series 3),32 GB LPDDR5X RAM,1,40.64 cm (16 inch) Touchscreen Display,""₹2,14,990"",,26% off,Intel,32.0,214990.0"
